,Australia,Brazil,Canada,Colombia,France,Indonesia,Israel,Japan,"Korea, Republic of",Mexico,New Zealand,Norway,Portugal,Sweden,Switzerland,United Kingdom,United States
1990Q1,303.4,0.0107539683333333,159.6,8.85,955.3833333333326,11.0557266666667,465.81492333333324,1182.4718366666666,655.4760000000003,21.1235633333333,70.37487,1014.4333333333328,581.3099999999996,2445.559999999998,1095.9304666666667,833.866666666667,128.033333333333
1990Q2,306.4,0.0218920633333333,160.3666666666667,9.56666666666667,962.4266666666671,11.2990066666667,485.79037,1195.0625166666664,668.1873333333331,22.2221866666666,71.61066,1028.1333333333337,595.762,2492.7299999999996,1104.5495666666668,853.7999999999998,129.333333333333
1990Q3,310.3,0.0310097533333333,161.83333333333331,10.0666666666667,967.6199999999998,11.75047,501.80281666666673,1195.38754,665.0956666666665,23.3856333333333,72.32612,1015.9999999999999,608.3466666666667,2550.1233333333344,1116.1213666666667,860.4666666666666,131.566666666667
1990Q4,315.2,0.0475573966666667,162.6333333333333,10.71,976.7000000000006,11.96115,522.2502933333335,1207.0686166666658,670.1650000000001,24.623656666666697,73.10661,1029.233333333333,624.5813333333334,2588.776666666668,1129.0766,883.5333333333331,133.7
1991Q1,319.5,0.0795990333333333,166.89999999999998,11.6466666666667,982.7566666666662,12.0965866666667,547.9694666666667,1207.453959999999,688.6086666666664,26.36815,73.5619,991.3333333333333,649.7546666666666,2724.273333333334,1154.5417,881.2000000000002,134.8
1991Q2,321.20000000000005,0.103728633333333,168.8666666666667,12.5566666666667,988.6399999999999,12.3749866666667,575.0203833333333,1216.8087933333336,696.4699999999998,27.2629033333333,73.62695,1003.7666666666667,667.2413333333333,2754.5933333333332,1171.2597,915.2666666666667,135.6
1991Q3,325.5,0.148847833333333,168.5333333333333,13.1833333333333,994.2366666666675,12.8214266666667,598.8554766666666,1218.1034466666665,704.1306666666667,27.9413,73.88711,1003.3666666666663,676.6099999999999,2772.3800000000006,1182.4929333333332,918.4333333333341,136.666666666667
1991Q4,328.4,0.2603535,165.3666666666667,13.7166666666667,1003.2733333333339,13.11237,620.3064366666667,1226.570119999999,709.7379999999999,28.96407,73.82207,1014.4000000000005,689.4583333333335,2802.956666666667,1192.6657000000005,936.2666666666668,137.7
1992Q1,333.5,0.501394033333333,166.2666666666667,14.8233333333333,1007.2133333333334,13.28543,626.4817366666671,1225.3287200000004,719.7476666666666,30.43299,74.14728,1000.3666666666669,712.5210000000002,2797.209999999999,1209.6449333333337,930.0333333333327,138.666666666667
1992Q2,329.1,0.9068422,167.6333333333333,16.01,1014.1899999999997,13.51617,635.1604800000003,1241.6370066666664,728.967333333333,31.0845633333334,74.3424,1014.4000000000003,735.0356666666667,2808.7733333333326,1219.6418333333322,944.4999999999999,139.8
1992Q3,329.29999999999995,1.65563833333333,167.9666666666667,16.8266666666667,1016.4099999999999,13.63155,641.2083700000005,1236.6743033333335,734.3820000000001,31.422199999999997,74.60257,1013.8,744.5866666666667,2849.3333333333317,1226.3732000000005,938.966666666667,140.9
1992Q4,331.1,3.16930566666667,167.9,17.2466666666667,1022.5233333333334,13.7644766666667,659.5546800000006,1242.4946866666673,736.7303333333333,32.1094933333333,74.79769,1022.9666666666665,757.6353333333333,2874.3833333333337,1235.573800000001,950.6999999999999,141.9
1993Q1,335.9,6.474632,170.0,18.4633333333333,1027.6866666666667,14.5068733333333,704.6767166666675,1240.2285633333327,749.1559999999996,33.0564066666667,74.86273,1011.0333333333327,776.0376666666667,2960.500000000001,1250.6714333333332,943.1666666666669,143.1
1993Q2,336.6,13.4894233333333,170.5,19.5666666666667,1033.2799999999995,14.7928,730.014596666667,1252.1903666666667,758.1593333333333,33.447630000000004,75.31802,1025.2,794.3550000000004,2979.0799999999986,1259.3598333333325,956.4333333333334,144.2
1993Q3,337.20000000000005,30.74414,170.6,20.3633333333333,1036.7566666666664,14.9708733333333,735.2553133333332,1251.0347966666673,759.2733333333338,33.9191233333334,75.70827,1011.2666666666662,806.1596666666668,2985.473333333333,1262.4825666666663,952.0333333333338,144.766666666667
1993Q4,337.1,75.6621033333333,171.0,21.08,1041.5499999999997,15.1690166666667,754.1250333333331,1248.356296666667,760.6923333333335,34.26299,75.83836,1019.2666666666663,819.9823333333336,3008.3166666666657,1265.728033333334,963.133333333334,145.766666666667
1994Q1,342.1,207.496666666667,170.7333333333333,22.71,1045.7833333333333,15.65559,754.8161766666667,1239.5148066666666,776.2596666666668,34.90406,75.83836,1007.5333333333333,834.3679999999996,3032.063333333334,1271.3613666666668,952.4000000000004,146.7
1994Q2,343.8,614.17,170.2666666666666,24.19,1050.863333333334,15.9189366666667,779.9283266666662,1252.4644033333334,784.5846666666667,35.29254,76.14171,1017.8666666666667,843.0069999999995,3056.2733333333326,1271.430366666667,961.6666666666666,147.633333333333
1994Q3,345.70000000000005,932.046666666667,171.0,24.9333333333333,1051.4066666666668,16.3026766666667,794.71393,1250.1192733333341,792.8096666666667,35.8658933333333,77.05177,1018.0666666666668,847.3583333333336,3070.296666666668,1274.8448333333342,957.633333333333,148.933333333333
1994Q4,349.4,995.963333333333,171.0,25.7966666666667,1056.2066666666674,16.6337466666667,823.5630366666669,1253.3291433333331,787.6853333333333,36.54411,77.96183,1025.1999999999996,857.4296666666667,3100.0966666666673,1276.4122000000004,962.6000000000003,149.633333333333
1995Q1,357.1,1046.16333333333,174.2666666666666,27.4966666666667,1059.3766666666663,17.0877166666667,827.4113733333332,1249.4134400000007,798.3529999999998,40.34262,78.87189,1016.6999999999995,876.193333333334,3131.4699999999984,1294.6928000000005,958.7666666666671,150.866666666667
1995Q2,361.5,1113.97333333333,175.89999999999998,29.36,1063.5333333333333,17.5868266666667,848.5449933333323,1256.6176166666671,808.4066666666668,47.6004366666667,79.63027,1026.733333333333,884.0406666666671,3159.693333333334,1298.534333333333,971.3333333333329,152.2
1995Q3,364.5,1178.94666666667,174.8666666666667,30.2033333333333,1064.81,17.8175733333333,858.2493666666662,1252.4664066666667,813.8433333333335,51.7157466666667,79.78195,1025.8666666666668,888.5610000000006,3193.6466666666656,1299.3889333333334,965.9999999999994,152.866666666667
1995Q4,367.4,1225.57333333333,174.4,30.9666666666667,1071.5999999999997,18.0959733333333,885.420863333334,1255.0734533333334,817.9996666666665,55.923333333333304,80.23698,1033.1,894.443,3215.873333333334,1300.4863,976.7666666666664,153.6
1996Q1,1470.0,1271.04666666667,175.7,33.1133333333333,1075.52,18.9035833333333,896.9215866666664,1247.4088166666666,830.6860000000003,61.5042433333333,80.61617,1019.0999999999996,903.5509999999996,3221.1899999999987,1298.640633333333,969.1333333333325,155.0
1996Q2,1471.5,1310.18333333333,177.5333333333333,35.1733333333333,1083.2799999999993,18.9913666666667,930.1195333333338,1254.5837099999997,839.5276666666665,66.45783666666671,81.22288,1027.2333333333333,913.7809999999994,3233.736666666665,1300.2374999999997,979.8666666666674,156.533333333333
1996Q3,1472.1999999999998,1345.16666666667,177.2333333333333,36.5733333333333,1077.013333333334,19.0741333333333,948.6136133333329,1250.4089933333332,847.376666666667,69.4667466666667,81.67791,1030.766666666666,918.0250000000001,3226.479999999999,1302.666666666667,975.0666666666663,157.366666666667
1996Q4,1471.3,1357.54333333333,178.5,37.7133333333333,1080.253333333333,19.2471933333333,968.9794799999996,1253.6042633333327,850.6583333333336,72.6675566666667,82.28461,1042.7000000000005,924.8959999999996,3246.783333333333,1304.8967333333328,985.2333333333335,158.5
1997Q1,1473.8,1386.28666666667,179.7666666666667,39.6366666666667,1084.1833333333334,19.7437966666667,978.6893633333339,1244.6842666666669,856.9826666666665,77.7807666666666,82.0571,1039.9666666666667,934.4920000000006,3270.306666666665,1308.5975999999998,975.6333333333337,159.566666666667
1997Q2,1473.4,1411.94,180.1,41.72,1088.729999999999,19.9168566666667,1008.8987033333333,1271.55526,861.4140000000001,79.9289566666666,82.13294,1045.5000000000002,939.8593333333333,3301.100000000001,1308.780533333333,984.7000000000002,160.2
1997Q3,1469.7000000000003,1422.15666666667,180.2666666666667,43.1366666666667,1088.4166666666665,20.2880566666667,1008.4500933333331,1271.3893733333332,866.9206666666665,81.91353,82.51213,1043.9666666666665,943.0856666666668,3309.7966666666653,1297.1200999999996,983.2666666666663,160.833333333333
1997Q4,1472.2,1429.56,180.0333333333333,44.4133333333333,1083.6233333333334,21.0129,1020.3783800000006,1281.4624933333332,877.3276666666671,84.19363666666669,82.96716,1054.0,947.151333333333,3362.5533333333346,1292.727799999999,994.1999999999999,161.466666666667
1998Q1,1475.9,1450.71666666667,182.2333333333333,46.9233333333333,1083.0266666666666,25.2164833333333,1011.2020133333335,1268.4042899999997,911.3363333333332,88.57526999999999,83.11884,1056.7999999999993,947.5999999999995,3334.029999999999,1294.2590666666667,983.1999999999996,161.9
1998Q2,1478.2000000000003,1464.67333333333,182.6666666666666,50.36,1088.5433333333335,29.8088166666667,1037.3156800000002,1273.8845633333335,916.8083333333332,91.69798,83.49803,1063.033333333334,957.2739999999992,3350.9766666666656,1294.256166666666,993.8666666666669,162.766666666667
1998Q3,1478.4,1459.49,182.1333333333333,51.3333333333333,1085.6666666666663,35.7730933333333,1043.9218333333326,1268.9288166666677,914.4003333333334,95.1144266666667,83.95306,1060.9666666666662,959.8666666666672,3330.33,1291.7983000000002,987.9666666666662,163.4
1998Q4,1477.9,1455.58333333333,182.3666666666667,51.8366666666667,1087.4399999999991,37.4861233333333,1091.0381033333329,1274.3605800000007,916.7293333333337,100.15885333333341,83.27052,1071.5999999999997,970.4443333333337,3339.4100000000003,1291.8386333333333,998.0333333333332,163.966666666667
1999Q1,1470.3,1484.13,184.06666666666672,100.5433333333333,1087.0966666666668,39.2744066666667,1089.4698699999994,1265.0876500000006,918.3773333333329,106.5532,171.67472,1068.166666666667,967.1230000000004,3381.763333333334,1296.7689999999998,987.233333333334,164.6
1999Q2,1471.1999999999998,1512.52666666667,185.3666666666667,101.89333333333329,1094.07,39.0085466666667,1091.7744966666676,1272.091353333333,919.353666666667,108.23882666666671,170.99468000000002,1077.6,977.289,3418.1733333333327,1292.5373000000004,994.6666666666664,166.2
1999Q3,1470.5,1539.78333333333,185.0333333333333,102.3833333333333,1091.2600000000004,38.1482666666667,1085.6772233333338,1267.3026000000004,917.7186666666669,109.8287233333333,170.62745,1065.4,975.1710000000004,3440.4766666666674,1287.1178999999993,989.3333333333331,167.233333333333
1999Q4,1472.4,1577.29333333333,185.1,103.5866666666667,1095.033333333334,38.1231833333333,1104.7250300000005,1270.9484133333335,921.8436666666666,111.52592333333331,170.29384,1079.7333333333336,985.2790000000005,3456.446666666666,1284.8335,996.2999999999996,168.266666666667
2000Q1,1482.9,1600.97,185.8,109.0333333333333,1096.87,39.04115,1096.4004333333337,1260.172046666667,930.1880000000004,114.46689,1272.27618,1071.1333333333332,976.897333333333,3452.590000000001,1280.9789333333333,982.7333333333337,169.933333333333
2000Q2,1485.6,1612.09333333333,187.9333333333334,112.94999999999999,1096.1633333333325,39.4349233333333,1110.5227366666668,1263.0952233333342,925.6729999999998,116.2835833333333,1272.35854,1087.1999999999996,991.8700000000001,3474.760000000001,1269.0217999999995,989.5999999999997,171.733333333333
2000Q3,1501.9,1656.22,189.56666666666672,111.95666666666659,1096.4599999999994,40.31527,1100.6980233333331,1257.8516499999996,931.733333333333,117.93378333333331,1274.5232600000002,1083.1999999999998,995.8126666666668,3473.1733333333323,1270.4954999999998,981.2999999999995,173.1
2000Q4,1502.4,1675.11,190.3,112.75999999999999,1099.7866666666673,41.4639833333333,1103.541896666666,1254.6752699999997,936.820333333333,120.29768,1276.9216,1096.2333333333331,1009.2700000000003,3498.256666666667,1271.7093999999997,990.5000000000001,174.033333333333
2001Q1,1504.5,1700.41666666667,193.0333333333333,117.7733333333334,1097.3633333333344,42.6854233333333,1088.8837366666667,1242.5985500000006,953.9699999999999,121.66333333333341,1279.4552099999999,1095.6333333333337,1009.351,3503.5633333333326,1271.2916333333337,976.3999999999999,175.7
2001Q2,1505.5,1724.90333333333,196.7666666666667,122.29,1107.5200000000011,43.83414,1103.228033333333,1244.4905900000003,960.8506666666668,123.2801,1280.8039700000002,1104.9333333333334,1024.774666666667,3571.6399999999994,1278.4697333333336,986.7666666666669,177.533333333333
2001Q3,1507.2000000000003,1766.12333333333,196.4333333333334,122.59,1107.3266666666666,45.45939,1104.6921433333341,1238.7113833333335,961.2529999999997,124.49273333333329,1283.20313,1096.133333333333,1026.8526666666673,3577.0133333333333,1272.5009666666665,983.2000000000003,177.766666666667
2001Q4,1509.7,1800.61,195.03333333333342,123.4633333333333,1110.7233333333324,46.70592,1107.8616366666663,1236.6220666666663,959.9103333333337,126.5196866666667,1285.2023000000002,1107.8666666666666,1041.0503333333327,3604.8233333333333,1272.9646666666663,989.8333333333334,177.266666666667
2002Q1,1520.1000000000001,1830.11,198.6000000000003,126.91,1116.2166666666676,48.8954933333333,1107.0221100000003,1224.4179433333338,967.3139999999999,127.07627333333329,1286.80146,1100.133333333333,1041.2916666666665,3613.423333333334,1271.1522666666667,983.0666666666675,177.9
2002Q2,1523.8,1859.52333333333,200.333333333333,130.9466666666666,1123.773333333334,49.3971133333333,1138.1508266666667,1229.1076666666665,975.3523333333335,128.2733566666667,1286.91661,1114.4999999999993,1059.7116666666664,3653.0700000000006,1287.7946000000004,989.3666666666664,179.833333333333
2002Q3,1527.6999999999998,1900.97,200.3333333333337,131.92666666666668,1125.266666666666,50.1771333333333,1154.242323333333,1224.7270833333325,976.3046666666663,953.4973333333329,1287.43258,1107.4,1064.3879999999997,3650.006666666667,1274.9419666666668,985.4000000000004,180.6
2002Q4,1529.2,1992.29,200.7000000000003,134.8566666666667,1131.2399999999998,51.4788433333333,1156.7647533333325,1225.5483033333335,980.9253333333336,964.1605299999997,1287.91495,1119.0999999999997,1080.5670000000002,3679.776666666666,1289.388566666666,996.0999999999995,181.166666666667
2003Q1,1535.1999999999998,2116.2,204.3,138.30666666666662,1135.826666666667,52.7103233333333,1148.881119999999,1215.356676666666,992.2826666666663,973.7077266666663,1288.1477999999997,1117.166666666667,1076.6219999999998,3707.176666666667,1283.6304666666654,991.533333333334,183.0
2003Q2,1538.3999999999999,2173.00666666667,204.53333333333399,142.45,1141.3233333333335,52.96113,1157.070623333334,1225.0451566666668,995.327666666667,979.5976400000001,1287.8477999999998,1113.2333333333331,1091.484333333333,3716.9566666666683,1296.5428333333325,997.0333333333328,183.666666666667
2003Q3,1542.1999999999998,2190.20666666667,203.96666666666698,141.37,1142.953333333333,53.3774766666667,1142.6538166666662,1224.2360799999992,995.6360000000001,984.5706433333337,1288.5637699999997,1103.1999999999996,1090.1660000000006,3712.696666666667,1280.606333333333,997.2666666666668,184.566666666667
2003Q4,1543.6999999999998,2219.29666666667,203.96666666666601,142.2133333333334,1154.4000000000005,54.4108133333333,1133.7897333333328,1222.3934299999992,999.593666666667,994.2887833333331,1289.1293199999998,1110.366666666667,1108.3060000000005,3732.526666666668,1295.4233000000004,1003.9666666666668,184.6
2004Q1,1555.0,2259.10333333333,205.633333333334,146.86666666666667,1158.81,55.2610633333333,1123.7990066666664,1210.6111033333332,1009.9206666666668,1006.3569533333333,1289.6620999999998,1106.1666666666677,1102.958666666667,3737.3333333333358,1285.1379666666664,999.1333333333331,186.266666666667
2004Q2,1558.9,2292.31666666667,207.63333333333298,150.22,1168.2633333333329,56.3420566666667,1138.5069600000002,1217.1554966666674,1015.5659999999999,1011.972473333333,1290.71086,1113.6666666666665,1118.5379999999998,3759.993333333333,1306.356333333334,1005.0666666666671,188.933333333333
2004Q3,1560.6999999999998,2341.30666666667,208.39999999999998,150.66000000000003,1168.2433333333327,56.95905,1130.8611199999996,1216.911636666667,1022.4853333333332,1019.2611233333337,1290.8932199999997,1106.3333333333323,1114.5783333333334,3756.5800000000004,1287.0107333333342,1001.166666666667,189.6
2004Q4,1562.2,2379.85333333333,209.933333333333,151.1166666666667,1174.1033333333335,57.8419,1132.4796800000008,1216.1597366666667,1020.6096666666671,1032.4224533333334,1292.22517,1118.5,1129.563333333333,3774.3500000000004,1306.1669666666662,1009.4000000000003,190.733333333333
2005Q1,1573.7999999999997,2427.25666666667,210.5,154.8,1175.0799999999997,59.5423966666667,1121.9197200000003,1203.084246666667,1037.7193333333335,1040.6635799999995,1293.5411299999998,1106.2333333333331,1126.0753333333328,3770.6333333333337,1297.2186333333334,1006.5666666666665,191.933333333333
2005Q2,1575.9,2470.99,213.166666666666,158.4966666666667,1183.6233333333325,60.6585,1138.703509999999,1210.63026,1040.659666666667,1047.534693333334,1294.07308,1119.3333333333335,1138.9616666666664,3786.180000000001,1313.5114000000003,1014.0999999999996,194.5
2005Q3,1577.0,2486.58333333333,213.266666666667,159.2833333333333,1183.2966666666662,61.7420066666667,1143.0585499999993,1207.5246499999998,1043.831333333333,1053.6483500000004,1295.4546199999997,1118.766666666667,1138.5406666666663,3787.730000000002,1286.624966666667,1014.9666666666669,196.866666666667
2005Q4,1576.8,2524.73333333333,213.39999999999998,160.2566666666666,1184.813333333334,68.1276333333333,1145.840523333333,1207.431113333334,1045.1643333333334,1063.5037666666663,1296.6201799999997,1130.2333333333331,1153.7869999999998,3810.4699999999993,1307.0141333333347,1021.7666666666668,197.866666666667
2006Q1,1584.7,2561.00333333333,215.733333333334,162.4566666666667,1183.8733333333337,69.6074166666667,1144.285903333333,1196.8681833333326,1052.1156666666666,1073.8963266666665,1298.2025299999998,1125.3333333333333,1153.962,3801.6333333333328,1296.424566666666,1018.8999999999999,198.933333333333
2006Q2,1589.3000000000002,2577.14333333333,217.066666666667,165.73000000000002,1191.42,70.06891,1163.5194766666664,1204.8123299999997,1058.2753333333337,1078.2655200000002,2400.0000400000004,1137.0333333333326,1174.2066666666672,3833.0633333333326,1313.9557999999993,1029.8,202.3
2006Q3,1590.6999999999998,2581.94666666667,217.766666666666,167.6933333333333,1190.516666666667,70.9241766666667,1160.6819999999998,1205.503103333333,1063.6543333333334,1086.0020800000004,2406.5000400000004,1126.5999999999992,1169.1573333333336,3825.1433333333343,1296.4581333333338,1033.0333333333328,203.433333333333
2006Q4,1591.5,2604.04333333333,217.933333333333,168.0,1194.683333333334,72.25096,1153.5625433333344,1207.3071066666673,1061.3073333333334,1098.551156666667,2407.40004,1140.5333333333328,1182.9473333333337,3843.233333333334,1310.5349333333334,1046.2333333333333,201.7
2007Q1,1595.6,2637.52,221.766666666666,172.7866666666667,1192.9633333333338,74.0342233333333,1144.3343966666669,1194.2633833333332,1068.495,1111.3820566666666,2415.2000199999998,1132.5000000000002,1179.0089999999993,3870.8499999999995,1293.9730333333334,1043.1000000000001,203.755666666667
2007Q2,1600.0,2661.93666666667,223.733333333334,179.41000000000003,1202.5066666666664,74.29005,1159.6700166666678,1202.0116166666667,1077.3623333333333,1115.2437233333335,2425.2000199999998,1140.0666666666662,1205.0949999999998,3914.323333333334,1316.1445333333336,1051.733333333333,207.662333333333
2007Q3,1601.3,2685.79,222.266666666667,178.58999999999997,1204.3699999999994,75.5390866666667,1171.1795033333328,1201.3619166666665,1082.8126666666665,1123.4843833333337,2423.5000199999995,1134.2999999999993,1197.2449999999997,3927.6800000000007,1302.2183666666663,1048.8000000000002,208.235333333333
2007Q4,1603.1999999999998,2714.82,221.433333333333,179.0233333333333,1215.6666666666672,77.10916,1174.028306666667,1207.6221466666673,1089.0353333333333,1135.59507,2433.2000199999993,1147.5666666666668,1213.6266666666666,3974.830000000001,1325.1516666666678,1062.7666666666667,209.716333333333
2008Q1,1619.0,2759.76,223.8,186.54,1218.9366666666665,79.6950133333333,1176.1703366666652,1200.5519499999998,1101.107,1148.99401,2442.5000199999995,1147.7666666666669,1212.799666666667,3989.1299999999987,1316.068533333332,1061.5666666666666,212.100333333333
2008Q2,1624.8000000000002,2809.95,228.53333333333302,194.42000000000002,1233.9066666666668,81.8770633333333,1203.2644133333338,1210.5173433333343,1119.678666666666,1159.4276533333339,2456.1000199999994,1158.3000000000002,1234.6370000000004,4043.8466666666664,1341.387233333334,1078.6666666666663,216.756666666667
2008Q3,1628.8000000000002,2853.94666666667,232.066666666667,198.3766666666666,1232.2466666666667,84.5231133333333,1211.0490599999991,1217.8741766666667,1132.6500000000005,1174.8632833333334,2470.6000199999994,1167.5333333333338,1226.5796666666674,4023.8700000000003,1329.1442666666667,1087.0333333333338,219.277666666667
2008Q4,1629.6,2884.02333333333,232.8,198.72,1233.0266666666676,85.65678,1206.7932833333339,1211.0015099999991,1131.676,1193.8934433333336,2470.3000199999997,1172.333333333333,1234.5403333333331,4026.229999999999,1340.2795666666661,1092.366666666667,213.075333333333
2009Q1,1636.9,2919.34666666667,235.266666666667,1318.821799999999,1228.9266666666665,85.79472,1197.7366966666666,1192.529026666666,1140.2549999999999,1210.1182133333336,2479.4000299999993,1171.0333333333335,1218.865666666667,4015.336666666668,1317.7991666666674,1086.9,212.015
2009Q2,1641.0,2955.39666666667,237.0,1333.766033333335,1237.9,85.7746566666667,1219.9124733333326,1196.5869300000002,1149.429666666667,1222.3035766666665,2488.1000299999996,1184.6000000000006,1234.0279999999998,4042.39,1336.516333333334,1098.6000000000004,214.263
2009Q3,1644.3,2979.57666666667,236.0,1336.047600000002,1236.9866666666674,86.8606666666667,1238.0066233333328,1191.6973833333336,1155.3666666666668,1228.9496966666668,2501.0000299999992,1181.8666666666666,1221.4893333333337,4052.4366666666674,1323.338433333332,1102.8333333333333,215.718
2009Q4,1645.2,3006.08333333333,235.53333333333399,1335.5751666666665,1242.079999999999,87.8739466666667,1237.2595433333336,1190.9181266666667,1157.1686666666665,1239.3602166666667,2499.7000299999995,1193.1333333333332,1233.4213333333332,4089.5266666666657,1341.1602999999998,1113.5666666666666,216.152
2010Q1,1657.4,3061.33666666667,238.0,1351.842599999999,1244.8366666666668,88.9323633333333,1227.0609666666662,1180.9627366666664,1167.6723333333337,1265.2859566666664,2506.20003,1194.3333333333337,1223.9523333333339,4095.070000000001,1327.4799333333333,1119.2333333333333,217.019666666667
2010Q2,1665.9,3106.3,238.89999999999998,1362.9742000000003,1255.3566666666677,89.5242766666667,1246.0928,1175.9475433333328,1173.4580000000003,1270.3725,2510.7000299999995,1202.633333333333,1242.28,4118.713333333333,1345.3529000000008,1134.7666666666667,218.050666666667
2010Q3,1670.6000000000001,3116.54333333333,239.7,1366.2801333333334,1252.1599999999994,92.2029266666667,1256.3705100000004,1165.9227766666672,1181.0329999999997,1276.9119100000003,2522.8000299999994,1194.8333333333335,1239.2383333333337,4120.616666666666,1324.9240666666674,1136.8666666666666,218.254
2010Q4,1671.1,3173.83666666667,239.933333333334,1369.8644000000004,1257.4333333333332,93.4243766666667,1269.405396666668,1174.5293599999998,1185.4529999999995,1291.1961466666664,2551.6000299999996,1203.933333333333,1253.8999999999996,4161.2733333333335,1342.3738999999998,1151.633333333333,218.897666666667
2011Q1,1685.8999999999999,3248.16,244.06666666666598,1391.0072666666658,1259.6999999999996,95.00699,1274.7633400000002,1167.3981733333326,1203.5803333333333,1309.3141266666669,2565.90003,1204.3333333333337,1259.2446666666663,4175.039999999999,1337.6103000000005,1164.1333333333332,221.666333333333
2011Q2,1690.4,3311.06666666667,248.0,1401.4317000000003,1272.5966666666664,94.7988166666667,1292.066363333334,1172.913426666666,1212.1803333333335,1309.428329999998,2574.7000299999995,1214.766666666667,1282.037333333334,4212.160000000001,1348.4576666666649,1183.0333333333335,225.530666666667
2011Q3,2292.1,3338.95666666667,249.33333333333297,1406.8112333333338,1267.7766666666666,96.50684,1289.5747133333327,1167.4201933333331,1222.152666666667,1315.4542133333327,2578.5000299999992,1208.8000000000002,1269.9703333333339,4214.479999999999,1328.057233333333,1190.266666666667,226.452
2011Q4,2295.40413,3386.59333333333,249.5,1412.947533333334,1280.0233333333338,97.2718066666667,1291.903313333332,1164.7845866666667,1222.809,1330.8735433333325,2572.40003,1219.6666666666674,1292.4603333333328,4238.0566666666655,1330.970900000001,1204.8666666666663,226.107666666667
2012Q1,2304.75981,3435.46666666667,251.66666666666703,1433.0005000000006,1279.1433333333339,98.5459266666667,1287.2128833333331,1162.5796800000003,1231.198666666667,1348.1166199999998,2584.8999299999996,1217.7999999999997,1289.3450000000005,4255.500000000003,1321.9034333333334,1207.9666666666665,227.906666666667
2012Q2,2311.23047,3476.7,252.73333333333397,1443.9767999999992,1289.0966666666657,99.06009,1299.2626633333334,1167.0805000000003,1232.5543333333333,1351.0777633333335,2587.1999299999998,1223.4000000000005,1306.207333333332,4284.093333333332,1331.815033333334,1219.1666666666667,229.792666666667
2012Q3,2321.91897,3513.93333333333,253.2,1448.3212333333333,1282.2266666666671,100.8358,1299.6765233333335,1160.0712899999999,1234.9170000000001,1362.63911,2590.1999299999998,1217.0333333333338,1294.9350000000004,4274.4433333333345,1318.7683,1221.5666666666662,230.296666666667
2012Q4,2325.66765,3576.52666666667,252.60000000000002,1452.0298333333321,1287.4399999999991,101.558133333333,1304.3467666666668,1159.7970366666668,1238.0993333333336,1369.77617,2586.6999299999993,1233.6666666666674,1309.5159999999998,4285.446666666667,1323.3814333333335,1246.0000000000002,230.379666666667
2013Q1,2329.79267,3653.69333333333,254.53333333333302,1464.1170000000018,1280.6600000000005,103.203333333333,1293.3834799999993,1154.019493333333,1245.7466666666664,1387.492773333333,2597.9999299999995,1234.7333333333331,1295.0783333333327,4283.853333333335,1315.9591333333353,1250.3999999999999,231.739666666667
2013Q2,2336.6193599999997,3704.94666666667,255.53333333333302,1476.628333333333,1289.9366666666665,104.24,1309.3501666666673,1163.2248433333332,1244.3090000000007,1399.5367300000005,2598.5999299999994,1246.033333333334,1315.2999999999993,4300.65,1324.9337000000007,1260.7,232.993333333333
2013Q3,2347.88116,3727.32333333333,255.566666666667,1483.7331999999988,1289.430000000001,108.773333333333,1320.1878766666664,1164.9228233333333,1248.8616666666667,1403.5636466666679,2607.29993,1247.6000000000001,1304.3076666666675,4303.35,1316.5961999999995,1264.4000000000005,233.874
2013Q4,2353.7967,3785.43333333333,254.833333333333,1484.455666666667,1296.7633333333335,109.433333333333,1328.037176666667,1169.88883,1250.502333333333,1419.0692166666677,2608.7999299999997,1257.9333333333334,1312.6776666666674,4310.13,1320.3257333333322,1279.2666666666669,233.221333333333
2014Q1,2369.56973,3865.86666666667,257.866666666667,1500.478366666667,1293.2733333333326,111.213333333333,1315.2195100000015,1166.3733966666666,1258.933333333333,1442.9222866666669,2617.49993,1260.5999999999997,1298.507000000001,4291.990000000002,1312.2043999999999,1280.333333333333,234.996666666667
2014Q2,2375.59308,3941.79,261.566666666666,1516.8638,1301.3700000000006,111.63,1322.233633333333,1200.8925533333322,1263.5006666666663,1447.976366666666,2619.8999299999996,1270.4999999999995,1315.5290000000007,4316.063333333334,1322.497366666666,1289.0333333333326,237.771666666667
2014Q3,2376.6629599999997,3972.86,261.833333333333,1522.2386000000001,1296.6266666666668,113.506666666667,1315.8346800000004,1199.6467066666673,1266.3020000000004,1457.95461,2622.7999299999997,1273.7666666666667,1303.931333333334,4309.203333333335,1314.1723666666664,1288.7999999999995,238.044333333333
2014Q4,2384.22948,4032.11333333333,261.866666666667,1529.0059333333318,1299.463333333333,116.52,1317.773413333333,1200.3205433333328,1261.2859999999994,1471.5820233333332,2621.09993,1282.0333333333333,1315.263,4319.636666666666,1319.194366666667,1298.8999999999999,236.132
2015Q1,2388.25243,4161.93333333333,1373.1756366666682,1555.0133333333322,1290.9000000000008,118.49,1300.0424699999994,1192.0160133333334,1296.4533333333343,1479.27568,2628.600009999999,1282.6666666666667,1302.6373333333336,4315.013333333333,1306.2899333333319,1292.8333333333337,234.849333333333
2015Q2,2390.4606400000002,4277.39666666667,1388.4563966666672,1578.686666666667,1306.0866666666661,119.516666666667,1313.3009699999996,1202.5254466666647,1299.053333333333,1484.14391,2632.700009999999,1297.5333333333326,1327.0709999999995,4339.656666666665,1310.4892666666663,1299.5666666666677,237.680666666667
2015Q3,2385.7898,4351.29333333333,1395.4801066666662,1591.233333333333,1299.7900000000002,121.553333333333,1311.6479000000018,1201.59603,1303.386666666666,1491.9843533333337,2635.800009999999,1302.3333333333337,1317.6773333333344,4341.493333333335,1299.5136000000002,1300.2333333333331,238.305
2015Q4,2393.13165,4449.85666666667,1393.4246366666666,1614.4233333333339,1303.2333333333336,122.126666666667,1306.9538533333334,1203.6847333333346,1301.1333333333343,1503.891993333335,2630.300009999999,1317.4333333333343,1327.2026666666657,4349.916666666666,1303.1969333333332,1307.2666666666664,237.233
2016Q1,2398.2791,4584.11,1397.867196666667,1665.309999999999,1293.0033333333338,123.626666666667,1291.04399,1194.2224566666662,1309.0066666666653,1516.7048599999994,2640.400009999999,1325.8,1316.6250000000007,4355.829999999999,1294.4520333333332,1303.8333333333342,237.386333333333
2016Q2,2405.06982,4668.62433333333,1412.7684999999992,1692.7300000000012,1309.5933333333355,123.653333333333,1303.8989533333338,1203.541793333333,1313.16,1519.9913566666673,2644.3000099999995,1341.5333333333338,1336.450333333333,4380.3033333333315,1305.9674999999995,1310.5333333333338,240.169333333333
2016Q3,2408.41531,4731.08666666667,1414.2401000000011,1707.7300000000012,1305.5399999999986,125.23,1303.380869999999,1199.420770000001,1317.0999999999983,1530.595703333334,2649.900009999999,1352.5666666666652,1327.4360000000006,4384.973333333335,1296.8826333333334,1315.100000000001,240.968333333333
2016Q4,2414.3002100000003,4763.32666666667,1411.6290000000001,1714.4399999999991,1310.6200000000006,126.16,1301.832039999999,1203.533093333334,1319.8966666666672,1550.3240966666667,2653.6000099999987,1363.4333333333338,1340.0089999999996,4406.773333333333,1297.7914999999996,1326.5333333333333,241.504666666667
